-- MySQL Script generated by MySQL Workbench
-- 03/18/19 10:55:40
-- Model: New Model    Version: 1.0
-- MySQL Workbench Forward Engineering

SET @OLD_UNIQUE_CHECKS=@@UNIQUE_CHECKS, UNIQUE_CHECKS=0;
SET @OLD_FOREIGN_KEY_CHECKS=@@FOREIGN_KEY_CHECKS, FOREIGN_KEY_CHECKS=0;
SET @OLD_SQL_MODE=@@SQL_MODE, SQL_MODE='TRADITIONAL,ALLOW_INVALID_DATES';

-- -----------------------------------------------------
-- Schema manzer_partazer
-- -----------------------------------------------------

-- -----------------------------------------------------
-- Schema manzer_partazer
-- -----------------------------------------------------
CREATE SCHEMA IF NOT EXISTS `manzer_partazer` DEFAULT CHARACTER SET utf8 ;
USE `manzer_partazer` ;

-- -----------------------------------------------------
-- Table `manzer_partazer`.`utilisateur`
-- -----------------------------------------------------
DROP TABLE IF EXISTS `manzer_partazer`.`utilisateur` ;

CREATE TABLE IF NOT EXISTS `manzer_partazer`.`utilisateur` (
  `id_utilisateur` INT NOT NULL AUTO_INCREMENT,
  `pseudo` VARCHAR(50) NOT NULL,
  `password` VARCHAR(255) NOT NULL,
  PRIMARY KEY (`id_utilisateur`))
ENGINE = InnoDB
DEFAULT CHARACTER SET = utf8;


-- -----------------------------------------------------
-- Table `manzer_partazer`.`entreprise`
-- -----------------------------------------------------
DROP TABLE IF EXISTS `manzer_partazer`.`entreprise` ;

CREATE TABLE IF NOT EXISTS `manzer_partazer`.`entreprise` (
  `id_entreprise` INT NOT NULL AUTO_INCREMENT,
  `nom_entreprise` VARCHAR(50) NOT NULL,
  `ca_entreprise` DOUBLE NULL DEFAULT 0.0,
  `qte_kg` DOUBLE NULL DEFAULT 0.0,
  `qte_mga` DOUBLE NULL DEFAULT 0.0,
  `logo` VARCHAR(255) NULL DEFAULT '\"\"',
  `utilisateur_id` INT NOT NULL,
  `nif_entreprise` VARCHAR(45) NULL,
  `stat_entreprise` VARCHAR(45) NULL,
  PRIMARY KEY (`id_entreprise`),
  INDEX `fk_entreprise_utilisateur1_idx` (`utilisateur_id` ASC),
  CONSTRAINT `fk_entreprise_utilisateur1`
    FOREIGN KEY (`utilisateur_id`)
    REFERENCES `manzer_partazer`.`utilisateur` (`id_utilisateur`)
    ON DELETE NO ACTION
    ON UPDATE NO ACTION)
ENGINE = InnoDB
DEFAULT CHARACTER SET = utf8;


-- -----------------------------------------------------
-- Table `manzer_partazer`.`poste`
-- -----------------------------------------------------
DROP TABLE IF EXISTS `manzer_partazer`.`poste` ;

CREATE TABLE IF NOT EXISTS `manzer_partazer`.`poste` (
  `id_poste` INT NOT NULL AUTO_INCREMENT,
  `label` VARCHAR(255) NOT NULL,
  `type` INT NULL DEFAULT 1 COMMENT '1:entreprise - 2:organisation',
  `proprietaire` INT NULL,
  PRIMARY KEY (`id_poste`))
ENGINE = InnoDB
DEFAULT CHARACTER SET = utf8;


-- -----------------------------------------------------
-- Table `manzer_partazer`.`employe`
-- -----------------------------------------------------
DROP TABLE IF EXISTS `manzer_partazer`.`employe` ;

CREATE TABLE IF NOT EXISTS `manzer_partazer`.`employe` (
  `id_employe` INT NOT NULL AUTO_INCREMENT,
  `nom` VARCHAR(100) NOT NULL,
  `prenom` VARCHAR(255) NULL,
  `email` VARCHAR(100) NULL,
  `telephone` VARCHAR(45) NULL,
  `sexe` VARCHAR(5) NULL,
  `poste_id` INT NOT NULL,
  PRIMARY KEY (`id_employe`),
  INDEX `fk_employe_poste1_idx` (`poste_id` ASC),
  CONSTRAINT `fk_employe_poste1`
    FOREIGN KEY (`poste_id`)
    REFERENCES `manzer_partazer`.`poste` (`id_poste`)
    ON DELETE NO ACTION
    ON UPDATE NO ACTION)
ENGINE = InnoDB
DEFAULT CHARACTER SET = utf8;


-- -----------------------------------------------------
-- Table `manzer_partazer`.`entreprise_employe`
-- -----------------------------------------------------
DROP TABLE IF EXISTS `manzer_partazer`.`entreprise_employe` ;

CREATE TABLE IF NOT EXISTS `manzer_partazer`.`entreprise_employe` (
  `id_entreprise_employe` INT NOT NULL AUTO_INCREMENT,
  `entreprise_id` INT NOT NULL,
  `employe_id` INT NOT NULL,
  `position` INT NOT NULL DEFAULT 1,
  PRIMARY KEY (`id_entreprise_employe`),
  INDEX `fk_entreprise_employe_entreprise1_idx` (`entreprise_id` ASC),
  INDEX `fk_entreprise_employe_employe1_idx` (`employe_id` ASC),
  CONSTRAINT `fk_entreprise_employe_entreprise1`
    FOREIGN KEY (`entreprise_id`)
    REFERENCES `manzer_partazer`.`entreprise` (`id_entreprise`)
    ON DELETE NO ACTION
    ON UPDATE NO ACTION,
  CONSTRAINT `fk_entreprise_employe_employe1`
    FOREIGN KEY (`employe_id`)
    REFERENCES `manzer_partazer`.`employe` (`id_employe`)
    ON DELETE NO ACTION
    ON UPDATE NO ACTION)
ENGINE = InnoDB
DEFAULT CHARACTER SET = utf8;


-- -----------------------------------------------------
-- Table `manzer_partazer`.`pays`
-- -----------------------------------------------------
DROP TABLE IF EXISTS `manzer_partazer`.`pays` ;

CREATE TABLE IF NOT EXISTS `manzer_partazer`.`pays` (
  `id_pays` INT NOT NULL,
  `label` VARCHAR(45) NOT NULL,
  `prefixe_tel` VARCHAR(45) NOT NULL,
  PRIMARY KEY (`id_pays`))
ENGINE = InnoDB;


-- -----------------------------------------------------
-- Table `manzer_partazer`.`adresse`
-- -----------------------------------------------------
DROP TABLE IF EXISTS `manzer_partazer`.`adresse` ;

CREATE TABLE IF NOT EXISTS `manzer_partazer`.`adresse` (
  `id_adresse` INT NOT NULL AUTO_INCREMENT,
  `label` VARCHAR(255) NOT NULL,
  `latitude` DOUBLE NULL DEFAULT 0.0,
  `longitude` DOUBLE NULL DEFAULT 0.0,
  `code_postal` VARCHAR(45) NULL,
  `ville` VARCHAR(45) NULL,
  `pays_id` INT NOT NULL,
  PRIMARY KEY (`id_adresse`),
  INDEX `fk_adresse_pays1_idx` (`pays_id` ASC),
  CONSTRAINT `fk_adresse_pays1`
    FOREIGN KEY (`pays_id`)
    REFERENCES `manzer_partazer`.`pays` (`id_pays`)
    ON DELETE NO ACTION
    ON UPDATE NO ACTION)
ENGINE = InnoDB
DEFAULT CHARACTER SET = utf8;


-- -----------------------------------------------------
-- Table `manzer_partazer`.`adresse_entreprise`
-- -----------------------------------------------------
DROP TABLE IF EXISTS `manzer_partazer`.`adresse_entreprise` ;

CREATE TABLE IF NOT EXISTS `manzer_partazer`.`adresse_entreprise` (
  `id_adresse_entreprise` INT NOT NULL AUTO_INCREMENT,
  `entreprise_id` INT NOT NULL,
  `adresse_id` INT NOT NULL,
  PRIMARY KEY (`id_adresse_entreprise`),
  INDEX `fk_adresse_entreprise_entreprise1_idx` (`entreprise_id` ASC),
  INDEX `fk_adresse_entreprise_adresse1_idx` (`adresse_id` ASC),
  CONSTRAINT `fk_adresse_entreprise_entreprise1`
    FOREIGN KEY (`entreprise_id`)
    REFERENCES `manzer_partazer`.`entreprise` (`id_entreprise`)
    ON DELETE NO ACTION
    ON UPDATE NO ACTION,
  CONSTRAINT `fk_adresse_entreprise_adresse1`
    FOREIGN KEY (`adresse_id`)
    REFERENCES `manzer_partazer`.`adresse` (`id_adresse`)
    ON DELETE NO ACTION
    ON UPDATE NO ACTION)
ENGINE = InnoDB
DEFAULT CHARACTER SET = utf8;


-- -----------------------------------------------------
-- Table `manzer_partazer`.`type_entreprise`
-- -----------------------------------------------------
DROP TABLE IF EXISTS `manzer_partazer`.`type_entreprise` ;

CREATE TABLE IF NOT EXISTS `manzer_partazer`.`type_entreprise` (
  `id_type_entreprise` INT NOT NULL AUTO_INCREMENT,
  `label` VARCHAR(50) NOT NULL,
  `proprietaire` INT NULL,
  PRIMARY KEY (`id_type_entreprise`))
ENGINE = InnoDB
DEFAULT CHARACTER SET = utf8;


-- -----------------------------------------------------
-- Table `manzer_partazer`.`entreprise_type`
-- -----------------------------------------------------
DROP TABLE IF EXISTS `manzer_partazer`.`entreprise_type` ;

CREATE TABLE IF NOT EXISTS `manzer_partazer`.`entreprise_type` (
  `id_entreprise_type` INT NOT NULL AUTO_INCREMENT,
  `entreprise_id` INT NOT NULL,
  `type_entreprise_id` INT NOT NULL,
  PRIMARY KEY (`id_entreprise_type`),
  INDEX `fk_entreprise_type_entreprise1_idx` (`entreprise_id` ASC),
  INDEX `fk_entreprise_type_type_entreprise1_idx` (`type_entreprise_id` ASC),
  CONSTRAINT `fk_entreprise_type_entreprise1`
    FOREIGN KEY (`entreprise_id`)
    REFERENCES `manzer_partazer`.`entreprise` (`id_entreprise`)
    ON DELETE NO ACTION
    ON UPDATE NO ACTION,
  CONSTRAINT `fk_entreprise_type_type_entreprise1`
    FOREIGN KEY (`type_entreprise_id`)
    REFERENCES `manzer_partazer`.`type_entreprise` (`id_type_entreprise`)
    ON DELETE NO ACTION
    ON UPDATE NO ACTION)
ENGINE = InnoDB
DEFAULT CHARACTER SET = utf8;


-- -----------------------------------------------------
-- Table `manzer_partazer`.`type_aliment`
-- -----------------------------------------------------
DROP TABLE IF EXISTS `manzer_partazer`.`type_aliment` ;

CREATE TABLE IF NOT EXISTS `manzer_partazer`.`type_aliment` (
  `id_type_aliment` INT NOT NULL AUTO_INCREMENT,
  `label` VARCHAR(100) NOT NULL,
  `proprietaire` INT NULL,
  PRIMARY KEY (`id_type_aliment`))
ENGINE = InnoDB
DEFAULT CHARACTER SET = utf8;


-- -----------------------------------------------------
-- Table `manzer_partazer`.`entreprise_type_aliment`
-- -----------------------------------------------------
DROP TABLE IF EXISTS `manzer_partazer`.`entreprise_type_aliment` ;

CREATE TABLE IF NOT EXISTS `manzer_partazer`.`entreprise_type_aliment` (
  `id_entreprise_type_aliment` INT NOT NULL AUTO_INCREMENT,
  `type_aliment_id` INT NOT NULL,
  `entreprise_id` INT NOT NULL,
  PRIMARY KEY (`id_entreprise_type_aliment`),
  INDEX `fk_entreprise_type_aliment_type_aliment1_idx` (`type_aliment_id` ASC),
  INDEX `fk_entreprise_type_aliment_entreprise1_idx` (`entreprise_id` ASC),
  CONSTRAINT `fk_entreprise_type_aliment_type_aliment1`
    FOREIGN KEY (`type_aliment_id`)
    REFERENCES `manzer_partazer`.`type_aliment` (`id_type_aliment`)
    ON DELETE NO ACTION
    ON UPDATE NO ACTION,
  CONSTRAINT `fk_entreprise_type_aliment_entreprise1`
    FOREIGN KEY (`entreprise_id`)
    REFERENCES `manzer_partazer`.`entreprise` (`id_entreprise`)
    ON DELETE NO ACTION
    ON UPDATE NO ACTION)
ENGINE = InnoDB
DEFAULT CHARACTER SET = utf8;


-- -----------------------------------------------------
-- Table `manzer_partazer`.`type_organisation`
-- -----------------------------------------------------
DROP TABLE IF EXISTS `manzer_partazer`.`type_organisation` ;

CREATE TABLE IF NOT EXISTS `manzer_partazer`.`type_organisation` (
  `id_type_organisation` INT NOT NULL AUTO_INCREMENT,
  `label` VARCHAR(100) NOT NULL,
  `proprietaire` INT NULL,
  PRIMARY KEY (`id_type_organisation`))
ENGINE = InnoDB
DEFAULT CHARACTER SET = utf8;


-- -----------------------------------------------------
-- Table `manzer_partazer`.`organisation`
-- -----------------------------------------------------
DROP TABLE IF EXISTS `manzer_partazer`.`organisation` ;

CREATE TABLE IF NOT EXISTS `manzer_partazer`.`organisation` (
  `id_organisation` INT NOT NULL AUTO_INCREMENT,
  `nom_organisation` VARCHAR(100) NOT NULL,
  `adresse_id` INT NOT NULL,
  `type_organisation_id` INT NOT NULL,
  `numero` VARCHAR(50) NULL,
  PRIMARY KEY (`id_organisation`),
  INDEX `fk_recepteur_adresse1_idx` (`adresse_id` ASC),
  INDEX `fk_recepteur_type_organisation1_idx` (`type_organisation_id` ASC),
  CONSTRAINT `fk_recepteur_adresse1`
    FOREIGN KEY (`adresse_id`)
    REFERENCES `manzer_partazer`.`adresse` (`id_adresse`)
    ON DELETE NO ACTION
    ON UPDATE NO ACTION,
  CONSTRAINT `fk_recepteur_type_organisation1`
    FOREIGN KEY (`type_organisation_id`)
    REFERENCES `manzer_partazer`.`type_organisation` (`id_type_organisation`)
    ON DELETE NO ACTION
    ON UPDATE NO ACTION)
ENGINE = InnoDB
DEFAULT CHARACTER SET = utf8;


-- -----------------------------------------------------
-- Table `manzer_partazer`.`organisation_employe`
-- -----------------------------------------------------
DROP TABLE IF EXISTS `manzer_partazer`.`organisation_employe` ;

CREATE TABLE IF NOT EXISTS `manzer_partazer`.`organisation_employe` (
  `id_organisation_employe` INT NOT NULL AUTO_INCREMENT,
  `employe_id` INT NOT NULL,
  `organisation_id` INT NOT NULL,
  `position` INT NOT NULL DEFAULT 1,
  PRIMARY KEY (`id_organisation_employe`),
  INDEX `fk_organisation_employe_employe1_idx` (`employe_id` ASC),
  INDEX `fk_organisation_employe_organisation1_idx` (`organisation_id` ASC),
  CONSTRAINT `fk_organisation_employe_employe1`
    FOREIGN KEY (`employe_id`)
    REFERENCES `manzer_partazer`.`employe` (`id_employe`)
    ON DELETE NO ACTION
    ON UPDATE NO ACTION,
  CONSTRAINT `fk_organisation_employe_organisation1`
    FOREIGN KEY (`organisation_id`)
    REFERENCES `manzer_partazer`.`organisation` (`id_organisation`)
    ON DELETE NO ACTION
    ON UPDATE NO ACTION)
ENGINE = InnoDB
DEFAULT CHARACTER SET = utf8;


-- -----------------------------------------------------
-- Table `manzer_partazer`.`tranche_age`
-- -----------------------------------------------------
DROP TABLE IF EXISTS `manzer_partazer`.`tranche_age` ;

CREATE TABLE IF NOT EXISTS `manzer_partazer`.`tranche_age` (
  `id_tranche_age` INT NOT NULL AUTO_INCREMENT,
  `label` VARCHAR(45) NULL,
  PRIMARY KEY (`id_tranche_age`))
ENGINE = InnoDB
DEFAULT CHARACTER SET = utf8;


-- -----------------------------------------------------
-- Table `manzer_partazer`.`nombre_enfant`
-- -----------------------------------------------------
DROP TABLE IF EXISTS `manzer_partazer`.`nombre_enfant` ;

CREATE TABLE IF NOT EXISTS `manzer_partazer`.`nombre_enfant` (
  `id_nombre_enfant` INT NOT NULL AUTO_INCREMENT,
  `organisation_id` INT NOT NULL,
  `tranche_age` INT NOT NULL,
  `nombre` INT NOT NULL DEFAULT 0,
  PRIMARY KEY (`id_nombre_enfant`),
  INDEX `fk_nombre_enfants_organisation1_idx` (`organisation_id` ASC),
  INDEX `fk_nombre_enfants_tranche_age1_idx` (`tranche_age` ASC),
  CONSTRAINT `fk_nombre_enfants_organisation1`
    FOREIGN KEY (`organisation_id`)
    REFERENCES `manzer_partazer`.`organisation` (`id_organisation`)
    ON DELETE NO ACTION
    ON UPDATE NO ACTION,
  CONSTRAINT `fk_nombre_enfants_tranche_age1`
    FOREIGN KEY (`tranche_age`)
    REFERENCES `manzer_partazer`.`tranche_age` (`id_tranche_age`)
    ON DELETE NO ACTION
    ON UPDATE NO ACTION)
ENGINE = InnoDB
DEFAULT CHARACTER SET = utf8;


-- -----------------------------------------------------
-- Table `manzer_partazer`.`information_nutritionnelle`
-- -----------------------------------------------------
DROP TABLE IF EXISTS `manzer_partazer`.`information_nutritionnelle` ;

CREATE TABLE IF NOT EXISTS `manzer_partazer`.`information_nutritionnelle` (
  `id_information_nutritionnelle` INT NOT NULL AUTO_INCREMENT,
  `label` VARCHAR(100) NOT NULL,
  `proprietaire` INT NULL,
  PRIMARY KEY (`id_information_nutritionnelle`))
ENGINE = InnoDB
DEFAULT CHARACTER SET = utf8;


-- -----------------------------------------------------
-- Table `manzer_partazer`.`organisation_information_nutritionnelle`
-- -----------------------------------------------------
DROP TABLE IF EXISTS `manzer_partazer`.`organisation_information_nutritionnelle` ;

CREATE TABLE IF NOT EXISTS `manzer_partazer`.`organisation_information_nutritionnelle` (
  `id_organisation_information_nutritionnelle` INT NOT NULL AUTO_INCREMENT,
  `information_nutritionnelle_id` INT NOT NULL,
  `organisation_id` INT NOT NULL,
  PRIMARY KEY (`id_organisation_information_nutritionnelle`),
  INDEX `fk_organisation_information_nutritionnelle_information_nutr_idx` (`information_nutritionnelle_id` ASC),
  INDEX `fk_organisation_information_nutritionnelle_organisation1_idx` (`organisation_id` ASC),
  CONSTRAINT `fk_organisation_information_nutritionnelle_information_nutrit1`
    FOREIGN KEY (`information_nutritionnelle_id`)
    REFERENCES `manzer_partazer`.`information_nutritionnelle` (`id_information_nutritionnelle`)
    ON DELETE NO ACTION
    ON UPDATE NO ACTION,
  CONSTRAINT `fk_organisation_information_nutritionnelle_organisation1`
    FOREIGN KEY (`organisation_id`)
    REFERENCES `manzer_partazer`.`organisation` (`id_organisation`)
    ON DELETE NO ACTION
    ON UPDATE NO ACTION)
ENGINE = InnoDB
DEFAULT CHARACTER SET = utf8;


-- -----------------------------------------------------
-- Table `manzer_partazer`.`equipement`
-- -----------------------------------------------------
DROP TABLE IF EXISTS `manzer_partazer`.`equipement` ;

CREATE TABLE IF NOT EXISTS `manzer_partazer`.`equipement` (
  `id_equipement` INT NOT NULL,
  `label` VARCHAR(100) NOT NULL,
  PRIMARY KEY (`id_equipement`))
ENGINE = InnoDB
DEFAULT CHARACTER SET = utf8;


-- -----------------------------------------------------
-- Table `manzer_partazer`.`organisation_equipement`
-- -----------------------------------------------------
DROP TABLE IF EXISTS `manzer_partazer`.`organisation_equipement` ;

CREATE TABLE IF NOT EXISTS `manzer_partazer`.`organisation_equipement` (
  `id_organisation_equipement` INT NOT NULL AUTO_INCREMENT,
  `organisation_id` INT NOT NULL,
  `equipement_id` INT NOT NULL,
  `etat` TINYINT(1) NOT NULL DEFAULT 0,
  PRIMARY KEY (`id_organisation_equipement`),
  INDEX `fk_organisation_equipement_organisation1_idx` (`organisation_id` ASC),
  INDEX `fk_organisation_equipement_equipement1_idx` (`equipement_id` ASC),
  CONSTRAINT `fk_organisation_equipement_organisation1`
    FOREIGN KEY (`organisation_id`)
    REFERENCES `manzer_partazer`.`organisation` (`id_organisation`)
    ON DELETE NO ACTION
    ON UPDATE NO ACTION,
  CONSTRAINT `fk_organisation_equipement_equipement1`
    FOREIGN KEY (`equipement_id`)
    REFERENCES `manzer_partazer`.`equipement` (`id_equipement`)
    ON DELETE NO ACTION
    ON UPDATE NO ACTION)
ENGINE = InnoDB
DEFAULT CHARACTER SET = utf8;


-- -----------------------------------------------------
-- Table `manzer_partazer`.`historique`
-- -----------------------------------------------------
DROP TABLE IF EXISTS `manzer_partazer`.`historique` ;

CREATE TABLE IF NOT EXISTS `manzer_partazer`.`historique` (
  `id_historique` INT NOT NULL AUTO_INCREMENT,
  `utilisateur_id` INT NOT NULL,
  `action` VARCHAR(100) NOT NULL,
  `parametres` VARCHAR(45) NULL DEFAULT '{}',
  `moment` DATETIME NOT NULL DEFAULT NOW(),
  PRIMARY KEY (`id_historique`),
  INDEX `fk_historique_utilisateur1_idx` (`utilisateur_id` ASC),
  CONSTRAINT `fk_historique_utilisateur1`
    FOREIGN KEY (`utilisateur_id`)
    REFERENCES `manzer_partazer`.`utilisateur` (`id_utilisateur`)
    ON DELETE NO ACTION
    ON UPDATE NO ACTION)
ENGINE = InnoDB
DEFAULT CHARACTER SET = utf8;


-- -----------------------------------------------------
-- Table `manzer_partazer`.`type_produit`
-- -----------------------------------------------------
DROP TABLE IF EXISTS `manzer_partazer`.`type_produit` ;

CREATE TABLE IF NOT EXISTS `manzer_partazer`.`type_produit` (
  `id_type_produit` INT NOT NULL AUTO_INCREMENT,
  `label` VARCHAR(100) NOT NULL,
  `proprietaire` INT NULL,
  PRIMARY KEY (`id_type_produit`))
ENGINE = InnoDB
DEFAULT CHARACTER SET = utf8;


-- -----------------------------------------------------
-- Table `manzer_partazer`.`produit`
-- -----------------------------------------------------
DROP TABLE IF EXISTS `manzer_partazer`.`produit` ;

CREATE TABLE IF NOT EXISTS `manzer_partazer`.`produit` (
  `id_produit` INT NOT NULL AUTO_INCREMENT,
  `nom_produit` VARCHAR(100) NULL,
  `type_produit_id` INT NULL,
  `description` TEXT NULL,
  `poids` DOUBLE NULL,
  `volume` DOUBLE NULL,
  `type_aliment_id` INT NULL,
  `prix` DOUBLE NULL,
  `groupement` INT NULL COMMENT '1:par unité - 2:totalité - 3:par portion',
  PRIMARY KEY (`id_produit`),
  INDEX `fk_produit_type_produit1_idx` (`type_produit_id` ASC),
  INDEX `fk_produit_type_aliment1_idx` (`type_aliment_id` ASC),
  CONSTRAINT `fk_produit_type_produit1`
    FOREIGN KEY (`type_produit_id`)
    REFERENCES `manzer_partazer`.`type_produit` (`id_type_produit`)
    ON DELETE NO ACTION
    ON UPDATE NO ACTION,
  CONSTRAINT `fk_produit_type_aliment1`
    FOREIGN KEY (`type_aliment_id`)
    REFERENCES `manzer_partazer`.`type_aliment` (`id_type_aliment`)
    ON DELETE NO ACTION
    ON UPDATE NO ACTION)
ENGINE = InnoDB
DEFAULT CHARACTER SET = utf8;


-- -----------------------------------------------------
-- Table `manzer_partazer`.`produit_information_nutritionnelle`
-- -----------------------------------------------------
DROP TABLE IF EXISTS `manzer_partazer`.`produit_information_nutritionnelle` ;

CREATE TABLE IF NOT EXISTS `manzer_partazer`.`produit_information_nutritionnelle` (
  `id_produit_information_nutritionnelle` INT NOT NULL AUTO_INCREMENT,
  `produit_id` INT NOT NULL,
  `information_nutritionnelle_id` INT NULL,
  PRIMARY KEY (`id_produit_information_nutritionnelle`),
  INDEX `fk_produit_information_nutritionnelle_produit1_idx` (`produit_id` ASC),
  INDEX `fk_produit_information_nutritionnelle_information_nutrition_idx` (`information_nutritionnelle_id` ASC),
  CONSTRAINT `fk_produit_information_nutritionnelle_produit1`
    FOREIGN KEY (`produit_id`)
    REFERENCES `manzer_partazer`.`produit` (`id_produit`)
    ON DELETE NO ACTION
    ON UPDATE NO ACTION,
  CONSTRAINT `fk_produit_information_nutritionnelle_information_nutritionne1`
    FOREIGN KEY (`information_nutritionnelle_id`)
    REFERENCES `manzer_partazer`.`information_nutritionnelle` (`id_information_nutritionnelle`)
    ON DELETE NO ACTION
    ON UPDATE NO ACTION)
ENGINE = InnoDB
DEFAULT CHARACTER SET = utf8;


-- -----------------------------------------------------
-- Table `manzer_partazer`.`photo_produit`
-- -----------------------------------------------------
DROP TABLE IF EXISTS `manzer_partazer`.`photo_produit` ;

CREATE TABLE IF NOT EXISTS `manzer_partazer`.`photo_produit` (
  `id_photo_produit` INT NOT NULL AUTO_INCREMENT,
  `produit_id` INT NOT NULL,
  `url` VARCHAR(255) NOT NULL,
  `proprietaire` INT NULL,
  PRIMARY KEY (`id_photo_produit`),
  INDEX `fk_photo_produit_produit1_idx` (`produit_id` ASC),
  CONSTRAINT `fk_photo_produit_produit1`
    FOREIGN KEY (`produit_id`)
    REFERENCES `manzer_partazer`.`produit` (`id_produit`)
    ON DELETE NO ACTION
    ON UPDATE NO ACTION)
ENGINE = InnoDB
DEFAULT CHARACTER SET = utf8;


-- -----------------------------------------------------
-- Table `manzer_partazer`.`produit_equipement`
-- -----------------------------------------------------
DROP TABLE IF EXISTS `manzer_partazer`.`produit_equipement` ;

CREATE TABLE IF NOT EXISTS `manzer_partazer`.`produit_equipement` (
  `id_produit_equipement` INT NOT NULL AUTO_INCREMENT,
  `produit_id` INT NOT NULL,
  `equipement_id` INT NOT NULL,
  `etat` TINYINT(1) NOT NULL DEFAULT 0,
  PRIMARY KEY (`id_produit_equipement`),
  INDEX `fk_produit_equipement_produit1_idx` (`produit_id` ASC),
  INDEX `fk_produit_equipement_equipement1_idx` (`equipement_id` ASC),
  CONSTRAINT `fk_produit_equipement_produit1`
    FOREIGN KEY (`produit_id`)
    REFERENCES `manzer_partazer`.`produit` (`id_produit`)
    ON DELETE NO ACTION
    ON UPDATE NO ACTION,
  CONSTRAINT `fk_produit_equipement_equipement1`
    FOREIGN KEY (`equipement_id`)
    REFERENCES `manzer_partazer`.`equipement` (`id_equipement`)
    ON DELETE NO ACTION
    ON UPDATE NO ACTION)
ENGINE = InnoDB
DEFAULT CHARACTER SET = utf8;


-- -----------------------------------------------------
-- Table `manzer_partazer`.`etat_donation`
-- -----------------------------------------------------
DROP TABLE IF EXISTS `manzer_partazer`.`etat_donation` ;

CREATE TABLE IF NOT EXISTS `manzer_partazer`.`etat_donation` (
  `id_etat_donation` INT NOT NULL AUTO_INCREMENT,
  `label` VARCHAR(45) NULL,
  PRIMARY KEY (`id_etat_donation`))
ENGINE = InnoDB
DEFAULT CHARACTER SET = utf8;


-- -----------------------------------------------------
-- Table `manzer_partazer`.`donation`
-- -----------------------------------------------------
DROP TABLE IF EXISTS `manzer_partazer`.`donation` ;

CREATE TABLE IF NOT EXISTS `manzer_partazer`.`donation` (
  `id_donation` INT NOT NULL AUTO_INCREMENT,
  `entreprise_id` INT NOT NULL,
  `organisation_id` INT NULL,
  `produit_id_produit` INT NULL,
  `moment` DATETIME NULL,
  `quantite` INT NULL,
  `date_peremption_produit` DATETIME NULL,
  `etat_donation_id` INT NOT NULL,
  `action` INT NOT NULL DEFAULT 1 COMMENT '1:donation - 2:vente',
  `type_date` INT NULL DEFAULT 1 COMMENT '1:peremption - 2:production (description du champ date_peremption)',
  `minimum_qte_vente` INT NULL DEFAULT -1 COMMENT '-1:sans',
  `adresse_ramassage_id` INT NULL COMMENT '-1',
  `pourcentage_reduction` INT NULL DEFAULT 0 COMMENT '0:sans - max:100',
  PRIMARY KEY (`id_donation`),
  INDEX `fk_donation_organisation1_idx` (`organisation_id` ASC),
  INDEX `fk_donation_produit1_idx` (`produit_id_produit` ASC),
  INDEX `fk_donation_entreprise1_idx` (`entreprise_id` ASC),
  INDEX `fk_donation_etat_donation1_idx` (`etat_donation_id` ASC),
  INDEX `fk_donation_adresse1_idx` (`adresse_ramassage_id` ASC),
  CONSTRAINT `fk_donation_organisation1`
    FOREIGN KEY (`organisation_id`)
    REFERENCES `manzer_partazer`.`organisation` (`id_organisation`)
    ON DELETE NO ACTION
    ON UPDATE NO ACTION,
  CONSTRAINT `fk_donation_produit1`
    FOREIGN KEY (`produit_id_produit`)
    REFERENCES `manzer_partazer`.`produit` (`id_produit`)
    ON DELETE NO ACTION
    ON UPDATE NO ACTION,
  CONSTRAINT `fk_donation_entreprise1`
    FOREIGN KEY (`entreprise_id`)
    REFERENCES `manzer_partazer`.`entreprise` (`id_entreprise`)
    ON DELETE NO ACTION
    ON UPDATE NO ACTION,
  CONSTRAINT `fk_donation_etat_donation1`
    FOREIGN KEY (`etat_donation_id`)
    REFERENCES `manzer_partazer`.`etat_donation` (`id_etat_donation`)
    ON DELETE NO ACTION
    ON UPDATE NO ACTION,
  CONSTRAINT `fk_donation_adresse1`
    FOREIGN KEY (`adresse_ramassage_id`)
    REFERENCES `manzer_partazer`.`adresse` (`id_adresse`)
    ON DELETE NO ACTION
    ON UPDATE NO ACTION)
ENGINE = InnoDB
DEFAULT CHARACTER SET = utf8;


-- -----------------------------------------------------
-- Table `manzer_partazer`.`contrat`
-- -----------------------------------------------------
DROP TABLE IF EXISTS `manzer_partazer`.`contrat` ;

CREATE TABLE IF NOT EXISTS `manzer_partazer`.`contrat` (
  `id_contrat` INT NOT NULL AUTO_INCREMENT,
  `fichier` VARCHAR(255) NOT NULL,
  `type` VARCHAR(100) NOT NULL,
  `entreprise_id` INT NOT NULL,
  `validity` VARCHAR(55) NULL,
  `employe_charge_id` INT NOT NULL,
  `etat` INT NULL,
  PRIMARY KEY (`id_contrat`),
  INDEX `fk_contrat_entreprise1_idx` (`entreprise_id` ASC),
  INDEX `fk_contrat_employe1_idx` (`employe_charge_id` ASC),
  CONSTRAINT `fk_contrat_entreprise1`
    FOREIGN KEY (`entreprise_id`)
    REFERENCES `manzer_partazer`.`entreprise` (`id_entreprise`)
    ON DELETE NO ACTION
    ON UPDATE NO ACTION,
  CONSTRAINT `fk_contrat_employe1`
    FOREIGN KEY (`employe_charge_id`)
    REFERENCES `manzer_partazer`.`employe` (`id_employe`)
    ON DELETE NO ACTION
    ON UPDATE NO ACTION)
ENGINE = InnoDB
DEFAULT CHARACTER SET = utf8;


-- -----------------------------------------------------
-- Table `manzer_partazer`.`url_temp_param`
-- -----------------------------------------------------
DROP TABLE IF EXISTS `manzer_partazer`.`url_temp_param` ;

CREATE TABLE IF NOT EXISTS `manzer_partazer`.`url_temp_param` (
  `id_url_temp_param` INT NOT NULL AUTO_INCREMENT,
  `param` VARCHAR(255) NOT NULL,
  `moment` DATETIME NULL,
  PRIMARY KEY (`id_url_temp_param`))
ENGINE = InnoDB
DEFAULT CHARACTER SET = utf8;


-- -----------------------------------------------------
-- Table `manzer_partazer`.`beneficiaire_organisation`
-- -----------------------------------------------------
DROP TABLE IF EXISTS `manzer_partazer`.`beneficiaire_organisation` ;

CREATE TABLE IF NOT EXISTS `manzer_partazer`.`beneficiaire_organisation` (
  `id_beneficiaire_organisation` INT NOT NULL AUTO_INCREMENT,
  `label` VARCHAR(255) NULL,
  `proprietaire` INT NULL,
  PRIMARY KEY (`id_beneficiaire_organisation`))
ENGINE = InnoDB
DEFAULT CHARACTER SET = utf8;


-- -----------------------------------------------------
-- Table `manzer_partazer`.`organisation_beneficiaire_organisation`
-- -----------------------------------------------------
DROP TABLE IF EXISTS `manzer_partazer`.`organisation_beneficiaire_organisation` ;

CREATE TABLE IF NOT EXISTS `manzer_partazer`.`organisation_beneficiaire_organisation` (
  `id_organisation_beneficiaire_organisation` INT NOT NULL AUTO_INCREMENT,
  `beneficiaire_organisation_id` INT NOT NULL,
  `organisation_id` INT NOT NULL,
  PRIMARY KEY (`id_organisation_beneficiaire_organisation`),
  INDEX `fk_organisation_beneficiaire_organisation_beneficiare_organ_idx` (`beneficiaire_organisation_id` ASC),
  INDEX `fk_organisation_beneficiaire_organisation_organisation1_idx` (`organisation_id` ASC),
  CONSTRAINT `fk_organisation_beneficiaire_organisation_beneficiare_organis1`
    FOREIGN KEY (`beneficiaire_organisation_id`)
    REFERENCES `manzer_partazer`.`beneficiaire_organisation` (`id_beneficiaire_organisation`)
    ON DELETE NO ACTION
    ON UPDATE NO ACTION,
  CONSTRAINT `fk_organisation_beneficiaire_organisation_organisation1`
    FOREIGN KEY (`organisation_id`)
    REFERENCES `manzer_partazer`.`organisation` (`id_organisation`)
    ON DELETE NO ACTION
    ON UPDATE NO ACTION)
ENGINE = InnoDB
DEFAULT CHARACTER SET = utf8;


-- -----------------------------------------------------
-- Table `manzer_partazer`.`raison_surplus`
-- -----------------------------------------------------
DROP TABLE IF EXISTS `manzer_partazer`.`raison_surplus` ;

CREATE TABLE IF NOT EXISTS `manzer_partazer`.`raison_surplus` (
  `id_raison_surplus` INT NOT NULL AUTO_INCREMENT,
  `label` VARCHAR(255) NULL,
  `proprietaire` VARCHAR(45) NULL,
  PRIMARY KEY (`id_raison_surplus`))
ENGINE = InnoDB
DEFAULT CHARACTER SET = utf8;


-- -----------------------------------------------------
-- Table `manzer_partazer`.`raison_donation`
-- -----------------------------------------------------
DROP TABLE IF EXISTS `manzer_partazer`.`raison_donation` ;

CREATE TABLE IF NOT EXISTS `manzer_partazer`.`raison_donation` (
  `id_raison_donation` INT NOT NULL AUTO_INCREMENT,
  `raison_surplus_id` INT NULL,
  `donation_id` INT NOT NULL,
  PRIMARY KEY (`id_raison_donation`),
  INDEX `fk_raison_donation_raison_surplus1_idx` (`raison_surplus_id` ASC),
  INDEX `fk_raison_donation_donation1_idx` (`donation_id` ASC),
  CONSTRAINT `fk_raison_donation_raison_surplus1`
    FOREIGN KEY (`raison_surplus_id`)
    REFERENCES `manzer_partazer`.`raison_surplus` (`id_raison_surplus`)
    ON DELETE NO ACTION
    ON UPDATE NO ACTION,
  CONSTRAINT `fk_raison_donation_donation1`
    FOREIGN KEY (`donation_id`)
    REFERENCES `manzer_partazer`.`donation` (`id_donation`)
    ON DELETE NO ACTION
    ON UPDATE NO ACTION)
ENGINE = InnoDB
DEFAULT CHARACTER SET = utf8;


-- -----------------------------------------------------
-- Table `manzer_partazer`.`transporteur`
-- -----------------------------------------------------
DROP TABLE IF EXISTS `manzer_partazer`.`transporteur` ;

CREATE TABLE IF NOT EXISTS `manzer_partazer`.`transporteur` (
  `id_transporteur` INT NOT NULL,
  `label` VARCHAR(45) NULL,
  `logo` VARCHAR(255) NULL,
  PRIMARY KEY (`id_transporteur`))
ENGINE = InnoDB;


-- -----------------------------------------------------
-- Table `manzer_partazer`.`magasin`
-- -----------------------------------------------------
DROP TABLE IF EXISTS `manzer_partazer`.`magasin` ;

CREATE TABLE IF NOT EXISTS `manzer_partazer`.`magasin` (
  `id_magasin` INT NOT NULL AUTO_INCREMENT,
  `nom` VARCHAR(45) NULL,
  `entreprise_id` INT NOT NULL,
  `employe_responsable_id` INT NOT NULL,
  PRIMARY KEY (`id_magasin`),
  INDEX `fk_magasin_entreprise1_idx` (`entreprise_id` ASC),
  INDEX `fk_magasin_employe1_idx` (`employe_responsable_id` ASC),
  CONSTRAINT `fk_magasin_entreprise1`
    FOREIGN KEY (`entreprise_id`)
    REFERENCES `manzer_partazer`.`entreprise` (`id_entreprise`)
    ON DELETE NO ACTION
    ON UPDATE NO ACTION,
  CONSTRAINT `fk_magasin_employe1`
    FOREIGN KEY (`employe_responsable_id`)
    REFERENCES `manzer_partazer`.`employe` (`id_employe`)
    ON DELETE NO ACTION
    ON UPDATE NO ACTION)
ENGINE = InnoDB
DEFAULT CHARACTER SET = utf8;


-- -----------------------------------------------------
-- Table `manzer_partazer`.`unite_prix`
-- -----------------------------------------------------
DROP TABLE IF EXISTS `manzer_partazer`.`unite_prix` ;

CREATE TABLE IF NOT EXISTS `manzer_partazer`.`unite_prix` (
  `id_unite_prix` INT NOT NULL AUTO_INCREMENT,
  `label` VARCHAR(45) NULL,
  PRIMARY KEY (`id_unite_prix`))
ENGINE = InnoDB
DEFAULT CHARACTER SET = utf8;


-- -----------------------------------------------------
-- Table `manzer_partazer`.`type_aliment_information_nutritionnelle`
-- -----------------------------------------------------
DROP TABLE IF EXISTS `manzer_partazer`.`type_aliment_information_nutritionnelle` ;

CREATE TABLE IF NOT EXISTS `manzer_partazer`.`type_aliment_information_nutritionnelle` (
  `id_type_aliment_information_nutritionnelle` INT NOT NULL AUTO_INCREMENT,
  `type_aliment_id` INT NOT NULL,
  `information_nutritionnelle_id` INT NOT NULL,
  PRIMARY KEY (`id_type_aliment_information_nutritionnelle`),
  INDEX `fk_type_aliment_information_nutritionnelle_type_aliment1_idx` (`type_aliment_id` ASC),
  INDEX `fk_type_aliment_information_nutritionnelle_information_nutr_idx` (`information_nutritionnelle_id` ASC),
  CONSTRAINT `fk_type_aliment_information_nutritionnelle_type_aliment1`
    FOREIGN KEY (`type_aliment_id`)
    REFERENCES `manzer_partazer`.`type_aliment` (`id_type_aliment`)
    ON DELETE NO ACTION
    ON UPDATE NO ACTION,
  CONSTRAINT `fk_type_aliment_information_nutritionnelle_information_nutrit1`
    FOREIGN KEY (`information_nutritionnelle_id`)
    REFERENCES `manzer_partazer`.`information_nutritionnelle` (`id_information_nutritionnelle`)
    ON DELETE NO ACTION
    ON UPDATE NO ACTION)
ENGINE = InnoDB
DEFAULT CHARACTER SET = utf8;


-- -----------------------------------------------------
-- Table `manzer_partazer`.`periode_reduction`
-- -----------------------------------------------------
DROP TABLE IF EXISTS `manzer_partazer`.`periode_reduction` ;

CREATE TABLE IF NOT EXISTS `manzer_partazer`.`periode_reduction` (
  `id_periode_reduction` INT NOT NULL AUTO_INCREMENT,
  `label` VARCHAR(50) NULL,
  `nombre_jour` INT NULL,
  PRIMARY KEY (`id_periode_reduction`))
ENGINE = InnoDB
DEFAULT CHARACTER SET = utf8;


-- -----------------------------------------------------
-- Table `manzer_partazer`.`strategie_reduction`
-- -----------------------------------------------------
DROP TABLE IF EXISTS `manzer_partazer`.`strategie_reduction` ;

CREATE TABLE IF NOT EXISTS `manzer_partazer`.`strategie_reduction` (
  `id_strategie_reduction` INT NOT NULL AUTO_INCREMENT,
  `periode_reduction_id` INT NULL,
  `pourcentage_reduction` INT NULL,
  `donation_id` INT NOT NULL,
  PRIMARY KEY (`id_strategie_reduction`),
  INDEX `fk_strategie_reduction_periode_reduction1_idx` (`periode_reduction_id` ASC),
  INDEX `fk_strategie_reduction_donation1_idx` (`donation_id` ASC),
  CONSTRAINT `fk_strategie_reduction_periode_reduction1`
    FOREIGN KEY (`periode_reduction_id`)
    REFERENCES `manzer_partazer`.`periode_reduction` (`id_periode_reduction`)
    ON DELETE NO ACTION
    ON UPDATE NO ACTION,
  CONSTRAINT `fk_strategie_reduction_donation1`
    FOREIGN KEY (`donation_id`)
    REFERENCES `manzer_partazer`.`donation` (`id_donation`)
    ON DELETE NO ACTION
    ON UPDATE NO ACTION)
ENGINE = InnoDB;


-- -----------------------------------------------------
-- Table `manzer_partazer`.`consommateur`
-- -----------------------------------------------------
DROP TABLE IF EXISTS `manzer_partazer`.`consommateur` ;

CREATE TABLE IF NOT EXISTS `manzer_partazer`.`consommateur` (
  `id_consommateur` INT NOT NULL AUTO_INCREMENT,
  `utilisateur_id` INT NOT NULL,
  `nom` VARCHAR(100) NULL,
  `prenom` VARCHAR(100) NULL,
  `mail` VARCHAR(100) NULL,
  `mobile_banking` VARCHAR(100) NULL,
  `adresse_de_livraison` VARCHAR(255) NULL,
  `numero_telephone` VARCHAR(45) NULL,
  PRIMARY KEY (`id_consommateur`),
  INDEX `fk_consommateur_utilisateur1_idx` (`utilisateur_id` ASC),
  CONSTRAINT `fk_consommateur_utilisateur1`
    FOREIGN KEY (`utilisateur_id`)
    REFERENCES `manzer_partazer`.`utilisateur` (`id_utilisateur`)
    ON DELETE NO ACTION
    ON UPDATE NO ACTION)
ENGINE = InnoDB;


-- -----------------------------------------------------
-- Table `manzer_partazer`.`wish_list`
-- -----------------------------------------------------
DROP TABLE IF EXISTS `manzer_partazer`.`wish_list` ;

CREATE TABLE IF NOT EXISTS `manzer_partazer`.`wish_list` (
  `id_wish_list` INT NOT NULL AUTO_INCREMENT,
  `consommateur_id` INT NOT NULL,
  `produit_id` INT NOT NULL,
  PRIMARY KEY (`id_wish_list`),
  INDEX `fk_wish_list_consommateur1_idx` (`consommateur_id` ASC),
  INDEX `fk_wish_list_produit1_idx` (`produit_id` ASC),
  CONSTRAINT `fk_wish_list_consommateur1`
    FOREIGN KEY (`consommateur_id`)
    REFERENCES `manzer_partazer`.`consommateur` (`id_consommateur`)
    ON DELETE NO ACTION
    ON UPDATE NO ACTION,
  CONSTRAINT `fk_wish_list_produit1`
    FOREIGN KEY (`produit_id`)
    REFERENCES `manzer_partazer`.`produit` (`id_produit`)
    ON DELETE NO ACTION
    ON UPDATE NO ACTION)
ENGINE = InnoDB;


-- -----------------------------------------------------
-- Table `manzer_partazer`.`etat_commande`
-- -----------------------------------------------------
DROP TABLE IF EXISTS `manzer_partazer`.`etat_commande` ;

CREATE TABLE IF NOT EXISTS `manzer_partazer`.`etat_commande` (
  `id_etat_commande` INT NOT NULL AUTO_INCREMENT,
  `label` VARCHAR(45) NULL,
  PRIMARY KEY (`id_etat_commande`))
ENGINE = InnoDB
DEFAULT CHARACTER SET = utf8;


-- -----------------------------------------------------
-- Table `manzer_partazer`.`commande`
-- -----------------------------------------------------
DROP TABLE IF EXISTS `manzer_partazer`.`commande` ;

CREATE TABLE IF NOT EXISTS `manzer_partazer`.`commande` (
  `id_commande` INT NOT NULL AUTO_INCREMENT,
  `consommateur_id` INT NOT NULL,
  `date` DATETIME NULL,
  `etat` INT NOT NULL,
  PRIMARY KEY (`id_commande`),
  INDEX `fk_commande_consommateur1_idx` (`consommateur_id` ASC),
  INDEX `fk_commande_etat_commande1_idx` (`etat` ASC),
  CONSTRAINT `fk_commande_consommateur1`
    FOREIGN KEY (`consommateur_id`)
    REFERENCES `manzer_partazer`.`consommateur` (`id_consommateur`)
    ON DELETE NO ACTION
    ON UPDATE NO ACTION,
  CONSTRAINT `fk_commande_etat_commande1`
    FOREIGN KEY (`etat`)
    REFERENCES `manzer_partazer`.`etat_commande` (`id_etat_commande`)
    ON DELETE NO ACTION
    ON UPDATE NO ACTION)
ENGINE = InnoDB;


-- -----------------------------------------------------
-- Table `manzer_partazer`.`produit_commande`
-- -----------------------------------------------------
DROP TABLE IF EXISTS `manzer_partazer`.`produit_commande` ;

CREATE TABLE IF NOT EXISTS `manzer_partazer`.`produit_commande` (
  `id_produit_commande` INT NOT NULL AUTO_INCREMENT,
  `commande_id` INT NOT NULL,
  `qte` INT NULL,
  `prix_achat_unite` INT NULL,
  `donation_id` INT NOT NULL,
  PRIMARY KEY (`id_produit_commande`),
  INDEX `fk_produit_commande_commande1_idx` (`commande_id` ASC),
  INDEX `fk_produit_commande_donation1_idx` (`donation_id` ASC),
  CONSTRAINT `fk_produit_commande_commande1`
    FOREIGN KEY (`commande_id`)
    REFERENCES `manzer_partazer`.`commande` (`id_commande`)
    ON DELETE NO ACTION
    ON UPDATE NO ACTION,
  CONSTRAINT `fk_produit_commande_donation1`
    FOREIGN KEY (`donation_id`)
    REFERENCES `manzer_partazer`.`donation` (`id_donation`)
    ON DELETE NO ACTION
    ON UPDATE NO ACTION)
ENGINE = InnoDB;


-- -----------------------------------------------------
-- Table `manzer_partazer`.`token`
-- -----------------------------------------------------
DROP TABLE IF EXISTS `manzer_partazer`.`token` ;

CREATE TABLE IF NOT EXISTS `manzer_partazer`.`token` (
  `id_token` INT NOT NULL AUTO_INCREMENT,
  `chaine` VARCHAR(250) NULL,
  `actif` TINYINT(1) NULL,
  `expiration` BIGINT(20) NULL,
  PRIMARY KEY (`id_token`))
ENGINE = InnoDB;


-- -----------------------------------------------------
-- Table `manzer_partazer`.`compte`
-- -----------------------------------------------------
DROP TABLE IF EXISTS `manzer_partazer`.`compte` ;

CREATE TABLE IF NOT EXISTS `manzer_partazer`.`compte` (
  `id_compte` INT NOT NULL AUTO_INCREMENT,
  `label` VARCHAR(50) NULL,
  `pays_id` INT NOT NULL,
  PRIMARY KEY (`id_compte`),
  INDEX `fk_compte_pays1_idx` (`pays_id` ASC),
  CONSTRAINT `fk_compte_pays1`
    FOREIGN KEY (`pays_id`)
    REFERENCES `manzer_partazer`.`pays` (`id_pays`)
    ON DELETE NO ACTION
    ON UPDATE NO ACTION)
ENGINE = InnoDB;


-- -----------------------------------------------------
-- Table `manzer_partazer`.`entreprise_compte`
-- -----------------------------------------------------
DROP TABLE IF EXISTS `manzer_partazer`.`entreprise_compte` ;

CREATE TABLE IF NOT EXISTS `manzer_partazer`.`entreprise_compte` (
  `id_entreprise_compte` INT NOT NULL AUTO_INCREMENT,
  `numero_compte` VARCHAR(45) NULL,
  `compte_id` INT NOT NULL,
  `entreprise_id` INT NOT NULL,
  PRIMARY KEY (`id_entreprise_compte`),
  INDEX `fk_entreprise_compte_compte1_idx` (`compte_id` ASC),
  INDEX `fk_entreprise_compte_entreprise1_idx` (`entreprise_id` ASC),
  CONSTRAINT `fk_entreprise_compte_compte1`
    FOREIGN KEY (`compte_id`)
    REFERENCES `manzer_partazer`.`compte` (`id_compte`)
    ON DELETE NO ACTION
    ON UPDATE NO ACTION,
  CONSTRAINT `fk_entreprise_compte_entreprise1`
    FOREIGN KEY (`entreprise_id`)
    REFERENCES `manzer_partazer`.`entreprise` (`id_entreprise`)
    ON DELETE NO ACTION
    ON UPDATE NO ACTION)
ENGINE = InnoDB;


-- -----------------------------------------------------
-- Table `manzer_partazer`.`action_consommateur`
-- -----------------------------------------------------
DROP TABLE IF EXISTS `manzer_partazer`.`action_consommateur` ;

CREATE TABLE IF NOT EXISTS `manzer_partazer`.`action_consommateur` (
  `id_action_consommateur` INT NOT NULL AUTO_INCREMENT,
  `vue_produit` TINYINT(2) NULL,
  `favoris` TINYINT(2) NULL,
  `consommateur_id` INT NOT NULL,
  `donation_id` INT NOT NULL,
  PRIMARY KEY (`id_action_consommateur`),
  INDEX `fk_action_consommateur_consommateur1_idx` (`consommateur_id` ASC),
  INDEX `fk_action_consommateur_donation1_idx` (`donation_id` ASC),
  CONSTRAINT `fk_action_consommateur_consommateur1`
    FOREIGN KEY (`consommateur_id`)
    REFERENCES `manzer_partazer`.`consommateur` (`id_consommateur`)
    ON DELETE NO ACTION
    ON UPDATE NO ACTION,
  CONSTRAINT `fk_action_consommateur_donation1`
    FOREIGN KEY (`donation_id`)
    REFERENCES `manzer_partazer`.`donation` (`id_donation`)
    ON DELETE NO ACTION
    ON UPDATE NO ACTION)
ENGINE = InnoDB;


-- -----------------------------------------------------
-- Table `manzer_partazer`.`periode_recuperation_commande`
-- -----------------------------------------------------
DROP TABLE IF EXISTS `manzer_partazer`.`periode_recuperation_commande` ;

CREATE TABLE IF NOT EXISTS `manzer_partazer`.`periode_recuperation_commande` (
  `id_periode_recuperation_commande` INT NOT NULL AUTO_INCREMENT,
  `jour` VARCHAR(45) NULL,
  `horaire_debut` VARCHAR(45) NULL,
  `horaire_fin` VARCHAR(45) NULL,
  `donation_id` INT NOT NULL,
  PRIMARY KEY (`id_periode_recuperation_commande`),
  INDEX `fk_periode_recuperation_commande_donation1_idx` (`donation_id` ASC),
  CONSTRAINT `fk_periode_recuperation_commande_donation1`
    FOREIGN KEY (`donation_id`)
    REFERENCES `manzer_partazer`.`donation` (`id_donation`)
    ON DELETE NO ACTION
    ON UPDATE NO ACTION)
ENGINE = InnoDB;


-- -----------------------------------------------------
-- Table `manzer_partazer`.`label_feedback`
-- -----------------------------------------------------
DROP TABLE IF EXISTS `manzer_partazer`.`label_feedback` ;

CREATE TABLE IF NOT EXISTS `manzer_partazer`.`label_feedback` (
  `id_label_feedback` INT NOT NULL AUTO_INCREMENT,
  `label` VARCHAR(45) NULL,
  PRIMARY KEY (`id_label_feedback`))
ENGINE = InnoDB;


-- -----------------------------------------------------
-- Table `manzer_partazer`.`feedback`
-- -----------------------------------------------------
DROP TABLE IF EXISTS `manzer_partazer`.`feedback` ;

CREATE TABLE IF NOT EXISTS `manzer_partazer`.`feedback` (
  `id_feedback` INT NOT NULL AUTO_INCREMENT,
  `label_feedback_id` INT NOT NULL,
  `note` INT NULL,
  `commentaire` MEDIUMTEXT NULL,
  `consommateur_id` INT NOT NULL,
  `moment` DATETIME NULL,
  PRIMARY KEY (`id_feedback`),
  INDEX `fk_feedback_label_feedback1_idx` (`label_feedback_id` ASC),
  INDEX `fk_feedback_consommateur1_idx` (`consommateur_id` ASC),
  CONSTRAINT `fk_feedback_label_feedback1`
    FOREIGN KEY (`label_feedback_id`)
    REFERENCES `manzer_partazer`.`label_feedback` (`id_label_feedback`)
    ON DELETE NO ACTION
    ON UPDATE NO ACTION,
  CONSTRAINT `fk_feedback_consommateur1`
    FOREIGN KEY (`consommateur_id`)
    REFERENCES `manzer_partazer`.`consommateur` (`id_consommateur`)
    ON DELETE NO ACTION
    ON UPDATE NO ACTION)
ENGINE = InnoDB
DEFAULT CHARACTER SET = utf8;


SET SQL_MODE=@OLD_SQL_MODE;
SET FOREIGN_KEY_CHECKS=@OLD_FOREIGN_KEY_CHECKS;
SET UNIQUE_CHECKS=@OLD_UNIQUE_CHECKS;

-- -----------------------------------------------------
-- Data for table `manzer_partazer`.`poste`
-- -----------------------------------------------------
START TRANSACTION;
USE `manzer_partazer`;
INSERT INTO `manzer_partazer`.`poste` (`id_poste`, `label`, `type`, `proprietaire`) VALUES (1, 'Directeur/Directrice Général', 1, 0);
INSERT INTO `manzer_partazer`.`poste` (`id_poste`, `label`, `type`, `proprietaire`) VALUES (2, 'Directeur/Directrice Général', 2, 0);
INSERT INTO `manzer_partazer`.`poste` (`id_poste`, `label`, `type`, `proprietaire`) VALUES (3, 'Responsable partenariat', 2, 0);
INSERT INTO `manzer_partazer`.`poste` (`id_poste`, `label`, `type`, `proprietaire`) VALUES (4, 'Responsable communication', 2, 0);
INSERT INTO `manzer_partazer`.`poste` (`id_poste`, `label`, `type`, `proprietaire`) VALUES (5, 'Fondateur/Fondatrice', 2, 0);
INSERT INTO `manzer_partazer`.`poste` (`id_poste`, `label`, `type`, `proprietaire`) VALUES (6, 'Responsable RSE', 1, 0);
INSERT INTO `manzer_partazer`.`poste` (`id_poste`, `label`, `type`, `proprietaire`) VALUES (7, 'Responsable Marketing/Commercial', 1, 0);
INSERT INTO `manzer_partazer`.`poste` (`id_poste`, `label`, `type`, `proprietaire`) VALUES (8, 'Assistance de la direction', 1, 0);
INSERT INTO `manzer_partazer`.`poste` (`id_poste`, `label`, `type`, `proprietaire`) VALUES (9, 'Secrétaire', 1, 0);

COMMIT;


-- -----------------------------------------------------
-- Data for table `manzer_partazer`.`pays`
-- -----------------------------------------------------
START TRANSACTION;
USE `manzer_partazer`;
INSERT INTO `manzer_partazer`.`pays` (`id_pays`, `label`, `prefixe_tel`) VALUES (1, 'Madagascar', '+261');
INSERT INTO `manzer_partazer`.`pays` (`id_pays`, `label`, `prefixe_tel`) VALUES (2, 'La Réunion', '+262');
INSERT INTO `manzer_partazer`.`pays` (`id_pays`, `label`, `prefixe_tel`) VALUES (3, 'Maurice', '+230');
INSERT INTO `manzer_partazer`.`pays` (`id_pays`, `label`, `prefixe_tel`) VALUES (4, 'Comores', '+269');

COMMIT;


-- -----------------------------------------------------
-- Data for table `manzer_partazer`.`type_entreprise`
-- -----------------------------------------------------
START TRANSACTION;
USE `manzer_partazer`;
INSERT INTO `manzer_partazer`.`type_entreprise` (`id_type_entreprise`, `label`, `proprietaire`) VALUES (1, 'Supermarché', 0);
INSERT INTO `manzer_partazer`.`type_entreprise` (`id_type_entreprise`, `label`, `proprietaire`) VALUES (2, 'Hôtel', 0);
INSERT INTO `manzer_partazer`.`type_entreprise` (`id_type_entreprise`, `label`, `proprietaire`) VALUES (3, 'Restaurant', 0);
INSERT INTO `manzer_partazer`.`type_entreprise` (`id_type_entreprise`, `label`, `proprietaire`) VALUES (4, 'Boulangerie', 0);
INSERT INTO `manzer_partazer`.`type_entreprise` (`id_type_entreprise`, `label`, `proprietaire`) VALUES (5, 'Importateur', 0);
INSERT INTO `manzer_partazer`.`type_entreprise` (`id_type_entreprise`, `label`, `proprietaire`) VALUES (6, 'Producteur', 0);
INSERT INTO `manzer_partazer`.`type_entreprise` (`id_type_entreprise`, `label`, `proprietaire`) VALUES (7, 'Industriel', 0);
INSERT INTO `manzer_partazer`.`type_entreprise` (`id_type_entreprise`, `label`, `proprietaire`) VALUES (8, 'Distributeur', 0);
INSERT INTO `manzer_partazer`.`type_entreprise` (`id_type_entreprise`, `label`, `proprietaire`) VALUES (9, 'Agriculteur', 0);
INSERT INTO `manzer_partazer`.`type_entreprise` (`id_type_entreprise`, `label`, `proprietaire`) VALUES (10, 'Traiteur', 0);

COMMIT;


-- -----------------------------------------------------
-- Data for table `manzer_partazer`.`type_aliment`
-- -----------------------------------------------------
START TRANSACTION;
USE `manzer_partazer`;
INSERT INTO `manzer_partazer`.`type_aliment` (`id_type_aliment`, `label`, `proprietaire`) VALUES (1, 'Aliments secs emballés (Biscuits, chips, etc.)', 0);
INSERT INTO `manzer_partazer`.`type_aliment` (`id_type_aliment`, `label`, `proprietaire`) VALUES (2, 'Fruits et légumes frais', 0);
INSERT INTO `manzer_partazer`.`type_aliment` (`id_type_aliment`, `label`, `proprietaire`) VALUES (3, 'Aliments en conserve', 0);
INSERT INTO `manzer_partazer`.`type_aliment` (`id_type_aliment`, `label`, `proprietaire`) VALUES (4, 'Produits de boulangerie (Pains, patisserie, viennoiserie, etc.)', 0);
INSERT INTO `manzer_partazer`.`type_aliment` (`id_type_aliment`, `label`, `proprietaire`) VALUES (5, 'Aliments cuits', 0);
INSERT INTO `manzer_partazer`.`type_aliment` (`id_type_aliment`, `label`, `proprietaire`) VALUES (6, 'Aliments préparés (Salade, sandwiches, etc.)', 0);
INSERT INTO `manzer_partazer`.`type_aliment` (`id_type_aliment`, `label`, `proprietaire`) VALUES (7, 'Produits laitiers (fromage, yaourt, lait, etc)', 0);
INSERT INTO `manzer_partazer`.`type_aliment` (`id_type_aliment`, `label`, `proprietaire`) VALUES (8, 'Boissons', 0);

COMMIT;


-- -----------------------------------------------------
-- Data for table `manzer_partazer`.`type_organisation`
-- -----------------------------------------------------
START TRANSACTION;
USE `manzer_partazer`;
INSERT INTO `manzer_partazer`.`type_organisation` (`id_type_organisation`, `label`, `proprietaire`) VALUES (1, 'Orphelinat', 0);
INSERT INTO `manzer_partazer`.`type_organisation` (`id_type_organisation`, `label`, `proprietaire`) VALUES (2, 'Ecole', 0);
INSERT INTO `manzer_partazer`.`type_organisation` (`id_type_organisation`, `label`, `proprietaire`) VALUES (3, 'ONG', 0);

COMMIT;


-- -----------------------------------------------------
-- Data for table `manzer_partazer`.`tranche_age`
-- -----------------------------------------------------
START TRANSACTION;
USE `manzer_partazer`;
INSERT INTO `manzer_partazer`.`tranche_age` (`id_tranche_age`, `label`) VALUES (1, '0-5');
INSERT INTO `manzer_partazer`.`tranche_age` (`id_tranche_age`, `label`) VALUES (2, '5-10');
INSERT INTO `manzer_partazer`.`tranche_age` (`id_tranche_age`, `label`) VALUES (3, '10-15');
INSERT INTO `manzer_partazer`.`tranche_age` (`id_tranche_age`, `label`) VALUES (4, '15-18');
INSERT INTO `manzer_partazer`.`tranche_age` (`id_tranche_age`, `label`) VALUES (5, 'Plus de 18');

COMMIT;


-- -----------------------------------------------------
-- Data for table `manzer_partazer`.`information_nutritionnelle`
-- -----------------------------------------------------
START TRANSACTION;
USE `manzer_partazer`;
INSERT INTO `manzer_partazer`.`information_nutritionnelle` (`id_information_nutritionnelle`, `label`, `proprietaire`) VALUES (1, 'Hallal', 0);
INSERT INTO `manzer_partazer`.`information_nutritionnelle` (`id_information_nutritionnelle`, `label`, `proprietaire`) VALUES (2, 'Végétarien', 0);
INSERT INTO `manzer_partazer`.`information_nutritionnelle` (`id_information_nutritionnelle`, `label`, `proprietaire`) VALUES (3, 'Végétalien', 0);
INSERT INTO `manzer_partazer`.`information_nutritionnelle` (`id_information_nutritionnelle`, `label`, `proprietaire`) VALUES (4, 'Sans lactose', 0);
INSERT INTO `manzer_partazer`.`information_nutritionnelle` (`id_information_nutritionnelle`, `label`, `proprietaire`) VALUES (5, 'Sans gluten', 0);
INSERT INTO `manzer_partazer`.`information_nutritionnelle` (`id_information_nutritionnelle`, `label`, `proprietaire`) VALUES (6, 'Sans porc', 0);
INSERT INTO `manzer_partazer`.`information_nutritionnelle` (`id_information_nutritionnelle`, `label`, `proprietaire`) VALUES (7, 'Inconnu', 0);

COMMIT;


-- -----------------------------------------------------
-- Data for table `manzer_partazer`.`equipement`
-- -----------------------------------------------------
START TRANSACTION;
USE `manzer_partazer`;
INSERT INTO `manzer_partazer`.`equipement` (`id_equipement`, `label`) VALUES (1, 'Frigo');
INSERT INTO `manzer_partazer`.`equipement` (`id_equipement`, `label`) VALUES (2, 'Réfrigérateur');
INSERT INTO `manzer_partazer`.`equipement` (`id_equipement`, `label`) VALUES (3, 'Transport');
INSERT INTO `manzer_partazer`.`equipement` (`id_equipement`, `label`) VALUES (4, 'Pas d\'équipement');

COMMIT;


-- -----------------------------------------------------
-- Data for table `manzer_partazer`.`type_produit`
-- -----------------------------------------------------
START TRANSACTION;
USE `manzer_partazer`;
INSERT INTO `manzer_partazer`.`type_produit` (`id_type_produit`, `label`, `proprietaire`) VALUES (1, 'Biscuit', 0);
INSERT INTO `manzer_partazer`.`type_produit` (`id_type_produit`, `label`, `proprietaire`) VALUES (2, 'Boissons', 0);

COMMIT;


-- -----------------------------------------------------
-- Data for table `manzer_partazer`.`etat_donation`
-- -----------------------------------------------------
START TRANSACTION;
USE `manzer_partazer`;
INSERT INTO `manzer_partazer`.`etat_donation` (`id_etat_donation`, `label`) VALUES (1, 'Attente de la validation');
INSERT INTO `manzer_partazer`.`etat_donation` (`id_etat_donation`, `label`) VALUES (2, 'Mail envoyé à DHL');
INSERT INTO `manzer_partazer`.`etat_donation` (`id_etat_donation`, `label`) VALUES (3, 'En livraison ');
INSERT INTO `manzer_partazer`.`etat_donation` (`id_etat_donation`, `label`) VALUES (4, 'Livré ');
INSERT INTO `manzer_partazer`.`etat_donation` (`id_etat_donation`, `label`) VALUES (5, 'Brouillon');
INSERT INTO `manzer_partazer`.`etat_donation` (`id_etat_donation`, `label`) VALUES (6, 'Vendu');

COMMIT;


-- -----------------------------------------------------
-- Data for table `manzer_partazer`.`beneficiaire_organisation`
-- -----------------------------------------------------
START TRANSACTION;
USE `manzer_partazer`;
INSERT INTO `manzer_partazer`.`beneficiaire_organisation` (`id_beneficiaire_organisation`, `label`, `proprietaire`) VALUES (1, 'Orphelins', 0);
INSERT INTO `manzer_partazer`.`beneficiaire_organisation` (`id_beneficiaire_organisation`, `label`, `proprietaire`) VALUES (2, 'Enfants handicapés', 0);
INSERT INTO `manzer_partazer`.`beneficiaire_organisation` (`id_beneficiaire_organisation`, `label`, `proprietaire`) VALUES (3, 'Enfants défavorisés', 0);

COMMIT;


-- -----------------------------------------------------
-- Data for table `manzer_partazer`.`raison_surplus`
-- -----------------------------------------------------
START TRANSACTION;
USE `manzer_partazer`;
INSERT INTO `manzer_partazer`.`raison_surplus` (`id_raison_surplus`, `label`, `proprietaire`) VALUES (1, 'La date de péremption est proche', '0');
INSERT INTO `manzer_partazer`.`raison_surplus` (`id_raison_surplus`, `label`, `proprietaire`) VALUES (2, 'Coupures électriques (stock de magasin)', '0');
INSERT INTO `manzer_partazer`.`raison_surplus` (`id_raison_surplus`, `label`, `proprietaire`) VALUES (3, 'Problème de réfrigération (Transport, stock)', '0');
INSERT INTO `manzer_partazer`.`raison_surplus` (`id_raison_surplus`, `label`, `proprietaire`) VALUES (4, 'Problème d\'emballage (mauvaise étiquette, emballage cassé/endommagé)', '0');
INSERT INTO `manzer_partazer`.`raison_surplus` (`id_raison_surplus`, `label`, `proprietaire`) VALUES (5, 'La qualité esthétique des produits (fruits et légumes moches ou moins frais)', '0');
INSERT INTO `manzer_partazer`.`raison_surplus` (`id_raison_surplus`, `label`, `proprietaire`) VALUES (6, 'Restes/surplus de buffets', '0');
INSERT INTO `manzer_partazer`.`raison_surplus` (`id_raison_surplus`, `label`, `proprietaire`) VALUES (7, 'Produit invendable au lendemain (pain, produit cuit,etc...)', '0');
INSERT INTO `manzer_partazer`.`raison_surplus` (`id_raison_surplus`, `label`, `proprietaire`) VALUES (8, 'Problème de livraison', '0');
INSERT INTO `manzer_partazer`.`raison_surplus` (`id_raison_surplus`, `label`, `proprietaire`) VALUES (9, 'Retour clients', '0');

COMMIT;


-- -----------------------------------------------------
-- Data for table `manzer_partazer`.`transporteur`
-- -----------------------------------------------------
START TRANSACTION;
USE `manzer_partazer`;
INSERT INTO `manzer_partazer`.`transporteur` (`id_transporteur`, `label`, `logo`) VALUES (1, 'DHL', 'uploads/logo/transporteur/DHL.png');

COMMIT;


-- -----------------------------------------------------
-- Data for table `manzer_partazer`.`periode_reduction`
-- -----------------------------------------------------
START TRANSACTION;
USE `manzer_partazer`;
INSERT INTO `manzer_partazer`.`periode_reduction` (`id_periode_reduction`, `label`, `nombre_jour`) VALUES (1, '4 semaine', 28);
INSERT INTO `manzer_partazer`.`periode_reduction` (`id_periode_reduction`, `label`, `nombre_jour`) VALUES (2, '3 semaines', 21);
INSERT INTO `manzer_partazer`.`periode_reduction` (`id_periode_reduction`, `label`, `nombre_jour`) VALUES (3, '2 semaines', 14);
INSERT INTO `manzer_partazer`.`periode_reduction` (`id_periode_reduction`, `label`, `nombre_jour`) VALUES (4, '1 semaine', 7);

COMMIT;


-- -----------------------------------------------------
-- Data for table `manzer_partazer`.`etat_commande`
-- -----------------------------------------------------
START TRANSACTION;
USE `manzer_partazer`;
INSERT INTO `manzer_partazer`.`etat_commande` (`id_etat_commande`, `label`) VALUES (1, 'Payé');
INSERT INTO `manzer_partazer`.`etat_commande` (`id_etat_commande`, `label`) VALUES (2, 'Payé et Livré');

COMMIT;


-- -----------------------------------------------------
-- Data for table `manzer_partazer`.`compte`
-- -----------------------------------------------------
START TRANSACTION;
USE `manzer_partazer`;
INSERT INTO `manzer_partazer`.`compte` (`id_compte`, `label`, `pays_id`) VALUES (1, 'Orange money', 1);
INSERT INTO `manzer_partazer`.`compte` (`id_compte`, `label`, `pays_id`) VALUES (2, 'MVola', 1);
INSERT INTO `manzer_partazer`.`compte` (`id_compte`, `label`, `pays_id`) VALUES (3, 'Airtel Money', 1);
INSERT INTO `manzer_partazer`.`compte` (`id_compte`, `label`, `pays_id`) VALUES (4, 'BOA Madagascar', 1);
INSERT INTO `manzer_partazer`.`compte` (`id_compte`, `label`, `pays_id`) VALUES (5, 'BFV', 1);
INSERT INTO `manzer_partazer`.`compte` (`id_compte`, `label`, `pays_id`) VALUES (6, 'BNI', 1);
INSERT INTO `manzer_partazer`.`compte` (`id_compte`, `label`, `pays_id`) VALUES (7, 'BMOI', 1);
INSERT INTO `manzer_partazer`.`compte` (`id_compte`, `label`, `pays_id`) VALUES (10, 'SBM Madagascar', 1);
INSERT INTO `manzer_partazer`.`compte` (`id_compte`, `label`, `pays_id`) VALUES (11, 'MCB Madagascar', 1);
INSERT INTO `manzer_partazer`.`compte` (`id_compte`, `label`, `pays_id`) VALUES (14, 'AccèsBanque Madagascar', 1);
INSERT INTO `manzer_partazer`.`compte` (`id_compte`, `label`, `pays_id`) VALUES (15, 'Microcred Madagascar', 1);
INSERT INTO `manzer_partazer`.`compte` (`id_compte`, `label`, `pays_id`) VALUES (16, 'BFCOI', 2);
INSERT INTO `manzer_partazer`.`compte` (`id_compte`, `label`, `pays_id`) VALUES (17, 'Banque de la Réunion', 2);
INSERT INTO `manzer_partazer`.`compte` (`id_compte`, `label`, `pays_id`) VALUES (18, 'Crédit Agricole de la Réunion', 2);
INSERT INTO `manzer_partazer`.`compte` (`id_compte`, `label`, `pays_id`) VALUES (19, 'BNP Paribas', 2);
INSERT INTO `manzer_partazer`.`compte` (`id_compte`, `label`, `pays_id`) VALUES (20, 'La Banque Postale', 2);
INSERT INTO `manzer_partazer`.`compte` (`id_compte`, `label`, `pays_id`) VALUES (21, 'BRED Banque populaire', 2);
INSERT INTO `manzer_partazer`.`compte` (`id_compte`, `label`, `pays_id`) VALUES (22, 'Mauritius Commercial Bank', 3);
INSERT INTO `manzer_partazer`.`compte` (`id_compte`, `label`, `pays_id`) VALUES (23, 'Banque de Maurice', 3);
INSERT INTO `manzer_partazer`.`compte` (`id_compte`, `label`, `pays_id`) VALUES (24, 'State Bank of Mauritius', 3);
INSERT INTO `manzer_partazer`.`compte` (`id_compte`, `label`, `pays_id`) VALUES (25, 'Barclays', 3);
INSERT INTO `manzer_partazer`.`compte` (`id_compte`, `label`, `pays_id`) VALUES (26, 'Standard Bank', 3);
INSERT INTO `manzer_partazer`.`compte` (`id_compte`, `label`, `pays_id`) VALUES (27, 'HSBC', 3);
INSERT INTO `manzer_partazer`.`compte` (`id_compte`, `label`, `pays_id`) VALUES (28, 'Bank One', 3);
INSERT INTO `manzer_partazer`.`compte` (`id_compte`, `label`, `pays_id`) VALUES (29, 'Investec', 3);
INSERT INTO `manzer_partazer`.`compte` (`id_compte`, `label`, `pays_id`) VALUES (30, 'Banque Centrale des Comores', 4);
INSERT INTO `manzer_partazer`.`compte` (`id_compte`, `label`, `pays_id`) VALUES (31, 'Banque Fédérale de Commerce Comores', 4);
INSERT INTO `manzer_partazer`.`compte` (`id_compte`, `label`, `pays_id`) VALUES (32, 'Exim Bank Comores', 4);
INSERT INTO `manzer_partazer`.`compte` (`id_compte`, `label`, `pays_id`) VALUES (33, 'Banque pour l\'industrie et le commerce Comores', 4);
INSERT INTO `manzer_partazer`.`compte` (`id_compte`, `label`, `pays_id`) VALUES (34, 'Orange Bank', 2);

COMMIT;


-- -----------------------------------------------------
-- Data for table `manzer_partazer`.`label_feedback`
-- -----------------------------------------------------
START TRANSACTION;
USE `manzer_partazer`;
INSERT INTO `manzer_partazer`.`label_feedback` (`id_label_feedback`, `label`) VALUES (1, 'Service');
INSERT INTO `manzer_partazer`.`label_feedback` (`id_label_feedback`, `label`) VALUES (2, 'Livraison');
INSERT INTO `manzer_partazer`.`label_feedback` (`id_label_feedback`, `label`) VALUES (3, 'Rapidité');
INSERT INTO `manzer_partazer`.`label_feedback` (`id_label_feedback`, `label`) VALUES (4, 'Qualité de la nourriture');
INSERT INTO `manzer_partazer`.`label_feedback` (`id_label_feedback`, `label`) VALUES (5, 'Satisfaction');

COMMIT;

